Name,Estimate,SE,tStat,DF,pValue,Lower,Upper
(Intercept),397.288516360123,52.9087411276754,7.50893912598329,52,7.64882206551051e-10,291.119360016437,503.457672703809
sex_Male,-23.739716575344,63.9796488664131,-0.371051060703874,52,0.71210695189526,-152.1242745621,104.644841411413
quadrant_DN,-79.0170866462413,59.7915077052902,-1.3215436385333,52,0.19210526431556,-198.997524552883,40.9633512604007
quadrant_VT,-66.793793852908,134.778403331214,-0.495582320327421,52,0.622277131343777,-337.246446288804,203.658858582988
quadrant_VN,317.388925250325,197.742136472641,1.60506471160859,52,0.114536389912947,-79.4097011285725,714.187551629223
