Name,Estimate,SE,tStat,DF,pValue,Lower,Upper
(Intercept),47.3502485354089,2.9426436087456,16.0910578483521,48,5.69512593471364e-21,41.4336670163642,53.2668300544536
genotype_NF1(NF1-KO/WT),-3.33937084062877,2.9743542058838,-1.12272130670345,48,0.267140387093295,-9.31971078846457,2.64096910720702
genotype_NF1_KO_labeled,-20.9649285142524,5.94993189557213,-3.52355772842614,48,0.000946246792468681,-32.9280683889867,-9.00178863951799
genotype_NF1_KO_NOT_labeled,-17.8566587825837,5.25405714151545,-3.39864190693464,48,0.00137067424254643,-28.4206486898585,-7.29266887530886
sex_Male,-1.943134966644,2.93367060851264,-0.662356217158668,48,0.51091084055735,-7.84167505954016,3.95540512625215
which_eye_Right,-8.24873891312961,2.89953265015627,-2.84485119099627,48,0.00651315695899389,-14.0786400404001,-2.41883778585912
quadrant_DN,-8.59277769651095,2.87023934631637,-2.9937495308671,48,0.0043458907306972,-14.3637806889153,-2.82177470410659
quadrant_VT,-13.0641962027497,5.68572094667137,-2.29772025839538,48,0.0259792489439994,-24.4961043602794,-1.63228804522013
quadrant_VN,-8.9731463662814,4.9231834027516,-1.82263093454253,48,0.0745914596346289,-18.8718700340125,0.925577301449716
