Name,Estimate,SE,tStat,DF,pValue,Lower,Upper
(Intercept),455.389404354396,59.9101810519197,7.6012022724442,49,7.81634234378636e-10,334.995388060529,575.783420648263
genotype_NF1(NF1-KO/WT),-80.7076631607705,60.3147295079052,-1.33810868123337,49,0.187037820787953,-201.914650014005,40.4993236924639
genotype_NF1_KO_labeled,-120.981916659587,115.175854983845,-1.05041040656096,49,0.298682565704636,-352.436462750311,110.472629431136
genotype_NF1_KO_NOT_labeled,-197.245432527932,116.941390281799,-1.68670333106713,49,0.0980179430272486,-432.2479546337,37.7570895778364
sex_Male,1.8520086466596,60.2957356937792,0.0307154166932352,49,0.97562126528382,-119.316808708048,123.020826001368
quadrant_DN,-91.7979451702975,58.8426594204764,-1.56005772129247,49,0.125182316762427,-210.046696428516,26.4508060879211
quadrant_VT,-96.769637560539,131.681760389943,-0.734875029571136,49,0.465918268901234,-361.394042421755,167.854767300677
quadrant_VN,521.463977097746,132.185785396355,3.94493232032592,49,0.000254210256184288,255.826696064752,787.101258130741
