Name,Estimate,SE,tStat,DF,pValue,Lower,Upper
(Intercept),397.656612521918,33.4944219379905,11.8723234948827,72,1.27129060287467e-18,330.886702702134,464.426522341702
genotype_NF1(NF1-KO/WT),-19.9818515931872,45.1282589720829,-0.442779137691715,72,0.659252927793037,-109.943391680916,69.9796884945418
sex_Male,139.126043496261,55.2472295019026,2.51824471110301,72,0.0140177399020012,28.9927043252106,249.25938266731
quadrant_DT,-147.540551802098,37.3196732828743,-3.9534256016599,72,0.000178174924997438,-221.935960811232,-73.1451427929635
quadrant_VT,-218.630380162718,74.0750526062712,-2.95147114271787,72,0.00426634043043154,-366.296298731881,-70.9644615935543
quadrant_VN,11.3252383052993,60.7374392542342,0.186462228970409,72,0.852606675434282,-109.752633980355,132.403110590954
Rsquared,0.516794628708401,0,0,0,0,0,0
