Name,Estimate,SE,tStat,DF,pValue,Lower,Upper
(Intercept),0.226948291903985,0.0376349514392874,6.03025334761218,89,3.65551661794532e-08,0.152168445037167,0.301728138770802
genotype_NF1(NF1-KO/WT),-0.0830411788580138,0.0515227845231453,-1.61173701356746,89,0.110560016975734,-0.185415854244755,0.0193334965287279
genotype_NF1_KO_labeled,-0.101936419617262,0.0697557771451953,-1.46133300766019,89,0.147445815803959,-0.240539662972273,0.0366668237377479
genotype_NF1_KO_NOT_labeled,-0.13796705706313,0.105351319763972,-1.30959021085098,89,0.193705095857451,-0.347297885399019,0.0713637712727583
sex_Male,-0.00361910835664652,0.0503419098975785,-0.0718905652171255,89,0.942850307047568,-0.1036474110156,0.0964091943023065
which_eye_Right,-0.102647505290951,0.0456126879660847,-2.25041561609511,89,0.0268869057420484,-0.193278944706787,-0.0120160658751138
quadrant_DT,0.137070412478165,0.0447591469571007,3.06240001869428,89,0.00290399363254929,0.0481349408663346,0.226005884089996
quadrant_VT,-0.00473621793563845,0.0724720963965217,-0.0653522965545918,89,0.948040077582866,-0.148736729784093,0.139264293912816
quadrant_VN,-0.00479969765196342,0.0579991426100726,-0.0827546311198378,89,0.934232483764747,-0.120042758607805,0.110443363303878
