Name,Estimate,SE,tStat,DF,pValue,Lower,Upper
(Intercept),391.037802108523,30.719599180526,12.7292612058693,91,6.4145276037152e-22,330.017092103429,452.058512113616
genotype_NF1(NF1-KO/WT),68.1659116757284,58.1900674472429,1.17143551582115,91,0.244481864853095,-47.4215089155533,183.75333226701
genotype_NF1_KO_labeled,-9.24791435073499,50.3110073405887,-0.183814931156709,91,0.854567615226132,-109.184549947868,90.6887212463977
genotype_NF1_KO_NOT_labeled,234.804698341912,110.818610767932,2.11882008549649,91,0.0368299867176906,14.6771416280828,454.932255055741
sex_Male,55.394754441992,38.5303100110808,1.43769293385029,91,0.153951124745318,-21.1409731166858,131.93048200067
quadrant_DT,-129.565098626981,34.6488113338076,-3.73938076486224,91,0.000322151885684364,-198.390705888217,-60.7394913657448
quadrant_VT,-65.2654703566827,88.2689995720328,-0.739392886212811,91,0.461571539967869,-240.600994549955,110.07005383659
quadrant_VN,14.7558787528435,55.0288500982601,0.268148048278226,91,0.789192262797884,-94.5521719162668,124.063929421954
