Name,Estimate,SE,tStat,DF,pValue,Lower,Upper
(Intercept),520.531388156974,86.3404821360731,6.02882188376726,54,1.53317296982913e-07,347.42914379019,693.633632523758
genotype_NF1(NF1-KO/WT),-107.461814071909,89.0031093503862,-1.20739393102385,54,0.232542477022629,-285.902304592835,70.9786764490173
sex_Male,-142.214915982765,96.3260897088429,-1.47639041938302,54,0.145647215313008,-335.337098152169,50.9072661866392
quadrant_DT,-68.0426886696892,105.196803467614,-0.646813272141267,54,0.520492784594378,-278.949581125498,142.86420378612
quadrant_VT,78.3489173861218,149.392080631005,0.524451611191104,54,0.602110812938599,-221.1641708903,377.862005662544
quadrant_VN,15.9743554767634,235.147400149992,0.0679333705861682,54,0.946089593625762,-455.467796755224,487.416507708751
Rsquared,0.0921008575011097,0,0,0,0,0,0
