Name,Estimate,SE,tStat,DF,pValue,Lower,Upper
(Intercept),505.899440743979,79.2467683251417,6.38384947974564,61,2.62242632828732e-08,347.435733766396,664.363147721562
genotype_NF1(NF1-KO/WT),-94.8543013739536,82.3552395766027,-1.15177008605172,61,0.253909820288685,-259.533780779237,69.8251780313296
genotype_NF1_KO_labeled,-201.719000879868,156.716050182158,-1.28716235921848,61,0.202900464088531,-515.092110971361,111.654109211625
genotype_NF1_KO_NOT_labeled,-44.3001426974391,170.28091348298,-0.260159179272121,61,0.795617143744378,-384.797873372488,296.19758797761
sex_Male,-119.325949727167,84.6528455139873,-1.40959171546633,61,0.163738411118271,-288.599776153869,49.9478766995346
quadrant_DT,-104.861694819705,89.8947197517129,-1.16649448498566,61,0.247954862711737,-284.61729660174,74.8939069623307
quadrant_VT,61.7110035980463,142.116103200354,0.434229494113323,61,0.66565389580318,-222.467708168955,345.889715365048
quadrant_VN,6.48984472146539,239.282502169071,0.0271221032153861,61,0.978450882210857,-471.98509009241,484.964779535341
